{"ARG":{"BEEF":39.639909755,"PIG":10.571246292,"POULTRY":39.953885159,"SHEEP":1.209830344},"AUS":{"BEEF":21.106295095,"PIG":21.262873725,"POULTRY":44.009313384,"SHEEP":8.569871813},"BRA":{"BEEF":25.93067421,"PIG":11.382904021,"POULTRY":37.393176572,"SHEEP":0.529795978},"CAN":{"BEEF":17.281666209,"PIG":16.541302624,"POULTRY":35.146960283,"SHEEP":0.900059692},"CHE":{"BEEF":14.452571701,"PIG":22.914106115,"POULTRY":14.350494926,"SHEEP":1.278169162},"CHL":{"BEEF":18.765201563,"PIG":18.620087431,"POULTRY":35.634385953,"SHEEP":0.512757831},"CHN":{"BEEF":3.913892856,"PIG":30.296546634,"POULTRY":11.879608146,"SHEEP":3.066695095},"COL":{"BEEF":11.470359113,"PIG":7.090101149,"POULTRY":28.610187185,"SHEEP":0.179497001},"EGY":{"BEEF":8.761373718,"PIG":0.008796001,"POULTRY":11.397678932,"SHEEP":1.16591062},"ETH":{"BEEF":2.318250053,"PIG":0.014878837,"POULTRY":0.511658006,"SHEEP":1.217422102},"IDN":{"BEEF":1.817940964,"PIG":2.330737517,"POULTRY":6.978768519,"SHEEP":0.359009231},"IND":{"BEEF":0.514396877,"PIG":0.208915864,"POULTRY":2.140015026,"SHEEP":0.461987244},"IRN":{"BEEF":2.822846078,"PIG":0.000001826,"POULTRY":22.920847477,"SHEEP":3.264649282},"ISR":{"BEEF":19.270854703,"PIG":1.565151465,"POULTRY":58.593252583,"SHEEP":1.865110388},"JPN":{"BEEF":7.16972054,"PIG":15.464158297,"POULTRY":16.871192432,"SHEEP":0.145649829},"KAZ":{"BEEF":17.210363405,"PIG":4.88446804,"POULTRY":15.521881588,"SHEEP":7.872511165},"KOR":{"BEEF":10.253773811,"PIG":29.846174027,"POULTRY":17.174619851,"SHEEP":0.260624392},"MEX":{"BEEF":8.818529455,"PIG":12.264567102,"POULTRY":27.745338395,"SHEEP":0.507681585},"MYS":{"BEEF":4.816551191,"PIG":6.005826953,"POULTRY":46.47059545,"SHEEP":1.040749193},"NGA":{"BEEF":1.403656521,"PIG":1.043618103,"POULTRY":1.341575654,"SHEEP":1.775139967},"NOR":{"BEEF":13.427652003,"PIG":20.235519485,"POULTRY":17.587283543,"SHEEP":4.580827573},"NZL":{"BEEF":12.941441849,"PIG":17.735509108,"POULTRY":37.026525038,"SHEEP":4.488080075},"PAK":{"BEEF":6.247618319,"PIG":0.000000752,"POULTRY":4.498154879,"SHEEP":2.106468848},"PHL":{"BEEF":3.122439143,"PIG":15.427820202,"POULTRY":12.631579786,"SHEEP":0.486979252},"PRY":{"BEEF":27.336936464,"PIG":20.521204414,"POULTRY":5.548768571,"SHEEP":0.516801213},"RUS":{"BEEF":10.714651752,"PIG":20.915238719,"POULTRY":31.530994129,"SHEEP":1.427596681},"SAU":{"BEEF":3.487399972,"PIG":0.236809485,"POULTRY":39.674302755,"SHEEP":5.058210787},"THA":{"BEEF":1.733841318,"PIG":10.418078676,"POULTRY":14.510841454,"SHEEP":0.042893906},"TUR":{"BEEF":10.351106199,"PIG":0.067969007,"POULTRY":17.667572902,"SHEEP":4.173966214},"UKR":{"BEEF":5.437229998,"PIG":10.939392764,"POULTRY":20.635465341,"SHEEP":0.298549572},"USA":{"BEEF":25.914323559,"PIG":23.120527188,"POULTRY":48.938794283,"SHEEP":0.423887724},"VNM":{"BEEF":9.93282521,"PIG":30.367823326,"POULTRY":12.96160919,"SHEEP":0.083634303},"ZAF":{"BEEF":10.737484897,"PIG":3.699408308,"POULTRY":35.872012653,"SHEEP":3.458423288}}